取得日時,銘柄CD,銘柄名,セクター,業界,PER(予),PBR(実),利回(予),ROE(実),直近株価,目標株価,売上高,当期純利益,総資産,自己資本,自己資本比率,売上高利益率,総資本回転率,財務レバレッジ,移動平均乖離率(5d),移動平均乖離率(25d),出来高(5d),出来高(20d)
07-15 19:43,8035.T,TOKYO ELECTRON,Technology,装置・材料,57.99094,16.31311,102.0,29.27,74240.0,72536.37,2443533090816,574453972992,2860997000000.0,2069994000000.0,72.35,23.51,0.85,1.38,2.92,2.28,1.02,0.88
07-15 19:43,6146.T,DISCO CORPORATION,Technology,装置・材料,54.04353,13.572562,71.0,25.09,73550.0,82765.0,436888993792,135521001472,743410000000.0,587758000000.0,79.06,31.02,0.59,1.26,2.11,-6.33,0.92,0.74
07-15 19:43,6920.T,LASERTEC CORP,Technology,装置・材料,45.49658,19.751596,73.0,44.08,49690.0,47031.25,252181004288,88780996608,329601000000.0,209898000000.0,63.68,35.2,0.77,1.57,9.47,2.72,1.79,1.95
