銘柄コード,銘柄名,PER(予),PBR(実),配当利回り(予),ROE(実),ROE(予),自己資本比率,現在株価,目標株価,売上高,当期純利益,総資産,自己資本,売上高当期利益率,総資本回転率,財務レバレッジ,信用倍率,25日移動平均乖離率,出来高(5日平均比),出来高率(20日平均比),短期投資評価,中期投資評価,長期投資評価
8035.T,TOKYO ELECTRON,57.99094,16.31311,101.0,29.27,,72.35,74240.0,72536.37,2443533090816,574453972992,2860997000000.0,2069994000000.0,23.51,0.85,1.38,,2.28,1.02,0.88,-,-,-
6146.T,DISCO CORPORATION,54.04353,13.572562,70.0,25.09,,79.06,73550.0,82765.0,436888993792,135521001472,743410000000.0,587758000000.0,31.02,0.59,1.26,,-6.33,0.92,0.74,-,-,-
6920.T,LASERTEC CORP,45.49658,19.751596,73.0,44.08,,63.68,49690.0,47031.25,252181004288,88780996608,329601000000.0,209898000000.0,35.2,0.77,1.57,,2.72,1.79,1.95,-,-,-
6857.T,ADVANTEST CORP,132.54533,28.729738,20.0,57.65,,67.91,31510.0,35140.0,1128610004992,375353016320,1171816000000.0,795726000000.0,33.26,0.96,1.47,,4.05,0.98,0.93,-,-,-
7735.T,SCREEN HOLDINGS CO LTD,21.641705,7.3564763,96.0,20.28,,67.35,18930.0,17343.75,605748002816,92003000320,722421000000.0,486568000000.0,15.19,0.84,1.48,,12.05,1.15,1.01,-,-,-
